first_name,last_name,team,season,season4,salary,position,ufa,points,goals,assists,games_played,toi
Michael,Stone,CGY,7,TRUE,3500,D,TRUE,10,3,7,82,1373.2666666666667
Ron,Hainsey,TOR,15,TRUE,3600,D,TRUE,23,4,19,80,1749.1833333333334
Chris,Kunitz,TBL,14,TRUE,2e3,W,TRUE,29,13,16,82,979.6
Adam,Henrique,"NJD, ANA",8,TRUE,5e3,C,TRUE,50,24,26,81,1440.6
Brooks,Orpik,WSH,15,TRUE,5500,D,TRUE,10,0,10,81,1568.55
Justin,Williams,CAR,17,TRUE,5e3,W,TRUE,51,16,35,82,1360.2166666666667
Niklas,Kronwall,DET,14,TRUE,3500,D,TRUE,27,4,23,79,1463.2333333333333
Anders,Lee,NYI,6,TRUE,4500,W,TRUE,62,40,22,82,1415.8833333333334
TJ,Brodie,CGY,8,TRUE,4838,D,TRUE,32,4,28,73,1728.65
Gustav,Nyquist,DET,7,TRUE,5250,W,TRUE,40,21,19,82,1463.8
Matt,Calvert,CBJ,8,TRUE,2900,W,TRUE,24,9,15,69,922.95
Greg,Pateryn,DAL,5,TRUE,850,D,TRUE,13,1,12,73,1431.9666666666667
Eric,Staal,MIN,14,TRUE,3500,C,TRUE,76,42,34,82,1460.5833333333333
Thomas,Vanek,"VAN, CBJ",13,TRUE,2e3,W,TRUE,56,24,32,80,1127.0166666666667
Ryan,Suter,MIN,13,TRUE,9e3,D,TRUE,51,6,45,78,2088.633333333333
Braydon,Coburn,TBL,13,TRUE,3700,D,TRUE,15,1,14,72,1153.7166666666667
Dion,Phaneuf,"OTT, LAK",13,TRUE,7e3,D,TRUE,26,6,20,79,1579.7666666666667
Dustin,Brown,LAK,14,TRUE,6500,W,TRUE,61,28,33,81,1606.75
Brent,Seabrook,CHI,13,TRUE,9e3,D,TRUE,26,7,19,81,1635.9833333333333
Ryan,Getzlaf,ANA,13,TRUE,9025,C,TRUE,61,11,50,56,1199.8333333333333
Brian,Boyle,NJD,11,TRUE,3e3,C,TRUE,23,13,10,69,917.1
Jared,Spurgeon,MIN,8,TRUE,5500,D,TRUE,37,9,28,61,1497.2833333333333
Loui,Eriksson,VAN,12,TRUE,8e3,W,TRUE,23,10,13,50,813.4666666666667
Patrice,Bergeron,BOS,14,TRUE,8750,C,TRUE,63,30,33,64,1244
Tommy,Wingels,"CHI, BOS",8,TRUE,750,C,TRUE,17,9,8,75,861.45
Torey,Krug,BOS,7,TRUE,5500,D,TRUE,59,14,45,76,1550.5
David,Backes,BOS,12,TRUE,8e3,W,TRUE,33,14,19,57,877.5333333333333
Luke,Glendening,DET,5,TRUE,2e3,W,TRUE,19,11,8,69,910.7333333333333
Yanni,Gourde,TBL,3,FALSE,1e3,C,TRUE,64,25,39,82,1324.95
Bobby,Ryan,OTT,11,TRUE,7250,W,TRUE,33,11,22,62,1019.3833333333333
Ryan,Murray,CBJ,5,TRUE,2825,D,FALSE,12,1,11,44,811.2
Alex,Galchenyuk,MTL,6,TRUE,4900,W,TRUE,51,19,32,82,1331.2
Morgan,Rielly,TOR,5,TRUE,5e3,D,TRUE,52,6,46,76,1641.5833333333333
Hampus,Lindholm,ANA,5,TRUE,6e3,D,TRUE,31,13,18,69,1569.05
Matt,Dumba,MIN,5,TRUE,2750,D,FALSE,50,14,36,82,1952.8166666666666
Jordie,Benn,MTL,7,TRUE,1100,D,TRUE,15,4,11,77,1460.7833333333333
Brady,Skjei,NYR,3,FALSE,925,D,FALSE,25,4,21,82,1724.05
Tanner,Pearson,LAK,5,TRUE,3500,W,TRUE,40,15,25,82,1309.35
Scott,Laughton,PHI,5,TRUE,875,C,FALSE,20,10,10,81,900.7166666666667
Mark,Jankowski,CGY,2,FALSE,925,C,FALSE,25,17,8,72,961.6333333333333
Olli,Maatta,PIT,5,TRUE,4083.3,D,TRUE,29,7,22,82,1537.9833333333333
Mike,Matheson,FLA,3,FALSE,925,D,TRUE,27,10,17,81,1728.3166666666666
Zemgus,Girgensons,BUF,5,TRUE,1600,C,FALSE,15,7,8,71,973.4
Cody,Ceci,OTT,5,TRUE,3350,D,FALSE,19,5,14,82,1913.8333333333333
Tom,Wilson,WSH,5,TRUE,2250,W,FALSE,35,14,21,78,1247.1333333333334
Tomas,Hertl,SJS,5,TRUE,3200,C,FALSE,46,22,24,79,1430.0166666666667
Teuvo,Teravainen,CAR,5,TRUE,2860,W,FALSE,64,23,41,82,1384.75
Derrick,Pouliot,VAN,4,TRUE,800,D,FALSE,22,3,19,71,1267.4666666666667
Jacob,Trouba,WPG,5,TRUE,3500,D,FALSE,24,3,21,55,1204.3833333333334
Filip,Forsberg,NSH,6,TRUE,6e3,W,TRUE,64,26,38,67,1170.7666666666667
Radek,Faksa,DAL,3,FALSE,2e3,C,FALSE,33,17,16,79,1206.4333333333334
Matt,Grzelcyk,BOS,2,FALSE,925,D,FALSE,15,3,12,61,1021.1833333333333
Colton,Parayko,STL,3,FALSE,6500,D,TRUE,35,6,29,82,1854.3833333333334
Brad,Richardson,ARI,13,TRUE,2250,C,TRUE,15,3,12,76,1122.2833333333333
Esa,Lindell,DAL,3,FALSE,2200,D,FALSE,27,7,20,80,1766.2833333333333
Shayne,Gostisbehere,PHI,4,TRUE,6e3,D,TRUE,65,13,52,78,1673.5166666666667
Devin,Shore,DAL,3,FALSE,925,C,FALSE,32,11,21,82,1265.1333333333334
Jujhar,Khaira,EDM,3,FALSE,650,W,FALSE,21,11,10,69,876.8166666666667
Adam,Pelech,NYI,3,FALSE,875,D,FALSE,19,3,16,78,1503.3833333333334
Jimmy,Vesey,NYR,2,FALSE,925,W,FALSE,28,17,11,79,1132.1666666666667
Nate,Thompson,"OTT, LAK",11,TRUE,1650,C,TRUE,17,5,12,69,880.9666666666667
Jordan,Martinook,ARI,4,TRUE,1750,W,TRUE,15,6,9,81,1134.8333333333333
Damon,Severson,NJD,4,TRUE,2500,D,TRUE,24,9,15,76,1495.6666666666667
Colton,Sissons,NSH,4,TRUE,650,C,FALSE,27,9,18,81,1303.6333333333334
Jake,McCabe,BUF,5,TRUE,1775,D,FALSE,12,3,9,53,1033.55
Mike,Hoffman,OTT,7,TRUE,5650,W,TRUE,56,22,34,82,1509.3666666666666
Brock,McGinn,CAR,3,FALSE,875,W,FALSE,30,16,14,80,1159.7333333333333
Micheal,Ferland,CGY,4,TRUE,1700,W,TRUE,41,21,20,77,1156.4833333333333
Joe,Pavelski,SJS,12,TRUE,6e3,C,TRUE,66,22,44,82,1578.95
Kyle,Brodziak,STL,13,TRUE,900,C,TRUE,33,10,23,81,1090.4833333333333
Charles,Hudon,MTL,3,FALSE,650,W,FALSE,30,10,20,72,1010.0833333333334
Jaccob,Slavin,CAR,3,FALSE,792.5,D,TRUE,30,8,22,82,1852.2
Andreas,Athanasiou,DET,3,FALSE,1387.5,W,FALSE,33,16,17,71,1087.3
Patrick,Marleau,TOR,20,TRUE,8500,C,TRUE,47,27,20,82,1393
Brett,Kulak,CGY,4,TRUE,650,D,FALSE,8,2,6,71,921.9833333333333
Jake,Guentzel,PIT,2,FALSE,742.5,C,FALSE,48,22,26,82,1351.8666666666666
Dustin,Byfuglien,WPG,13,TRUE,8e3,D,TRUE,45,8,37,69,1679.3833333333334
Carl,Soderberg,COL,6,TRUE,5e3,C,TRUE,37,16,21,77,1336.1833333333334
Jared,McCann,FLA,3,FALSE,832.5,C,FALSE,28,9,19,68,901.35
Antoine,Vermette,ANA,14,TRUE,1750,C,TRUE,16,8,8,64,879.9833333333333
Connor,Brown,TOR,3,FALSE,2100,W,FALSE,28,14,14,82,1231.1
Ben,Hutton,VAN,3,FALSE,2800,D,FALSE,6,0,6,61,1123.2833333333333
Alexander,Kerfoot,COL,1,FALSE,925,C,FALSE,43,19,24,79,1061.9
Jonathan,Ericsson,DET,11,TRUE,4250,D,TRUE,13,3,10,81,1563.9833333333333
Christian,Djoos,WSH,1,FALSE,650,D,FALSE,14,3,11,63,884.1666666666666
Joakim,Ryan,SJS,1,FALSE,650,D,FALSE,12,3,9,62,1038.5833333333333
Brandon,Dubinsky,CBJ,12,TRUE,5850,C,TRUE,16,6,10,62,951.2
Matt,Cullen,MIN,20,TRUE,1e3,C,TRUE,22,11,11,79,939.4833333333333
Blake,Coleman,NJD,2,FALSE,660,C,FALSE,25,13,12,79,1137.25
Logan,Shaw,"ANA, MTL",3,FALSE,650,W,FALSE,14,4,10,72,855.45
Alexander,Steen,STL,13,TRUE,7e3,W,TRUE,46,15,31,76,1420.7333333333333
Mark,Giordano,CGY,12,TRUE,6750,D,TRUE,38,13,25,82,2032.5833333333333
Marco,Scandella,BUF,8,TRUE,4e3,D,TRUE,22,5,17,82,1911.9833333333333
Daniel,Sedin,VAN,17,TRUE,7e3,W,TRUE,55,23,32,81,1236.9
Henrik,Sedin,VAN,17,TRUE,7e3,C,TRUE,50,3,47,82,1274.9666666666667
Tyler,Bozak,TOR,9,TRUE,4e3,C,TRUE,43,11,32,81,1267.05
David,Desharnais,NYR,9,TRUE,1e3,C,TRUE,28,6,22,71,927.0333333333333
Anthony,Beauvillier,NYI,2,FALSE,925,C,FALSE,36,21,15,71,1031.4
Brent,Burns,SJS,14,TRUE,1e4,D,TRUE,67,12,55,82,2069.9
Johnny,Boychuk,NYI,11,TRUE,7e3,D,TRUE,18,6,12,58,1171.1333333333334
Kyle,Palmieri,NJD,8,TRUE,4500,W,TRUE,44,24,20,62,1073.2
Ryan,O'Reilly,BUF,9,TRUE,9e3,C,TRUE,61,24,37,81,1686.1666666666667
Jakob,Silfverberg,ANA,6,TRUE,3750,W,TRUE,40,17,23,77,1382.95
Tim,Schaller,BOS,4,TRUE,775,C,TRUE,22,12,10,82,1088.9833333333333
John,Tavares,NYI,9,TRUE,6e3,C,TRUE,84,37,47,82,1633.8666666666666
Danny,DeKeyser,DET,6,TRUE,5500,D,TRUE,12,6,6,65,1320.9333333333334
Evander,Kane,"BUF, SJS",9,TRUE,6e3,W,TRUE,54,29,25,78,1526.95
Brayden,Schenn,STL,9,TRUE,5e3,C,TRUE,70,28,42,82,1617.4833333333333
Cam,Atkinson,CBJ,7,TRUE,4500,W,TRUE,46,24,22,65,1228.6
Magnus,Paajarvi,"STL, OTT",8,TRUE,800,W,TRUE,12,8,4,79,983.5833333333334
Ryan,Ellis,NSH,7,TRUE,3e3,D,TRUE,32,9,23,44,1027.6833333333334
Zack,Kassian,EDM,7,TRUE,1850,W,TRUE,19,7,12,74,863.5333333333333
Kevin,Labanc,SJS,2,FALSE,742.5,W,FALSE,40,11,29,77,1105.05
Nick,Leddy,NYI,8,TRUE,5e3,D,TRUE,42,10,32,80,1793.6833333333334
Corey,Perry,ANA,13,TRUE,1e4,W,TRUE,49,17,32,71,1262.1666666666667
Chris,Kreider,NYR,6,TRUE,5e3,W,TRUE,37,16,21,58,905.8666666666667
John,Moore,NJD,8,TRUE,1950,D,TRUE,18,7,11,81,1620.75
Brayden,McNabb,VGK,6,TRUE,1800,D,TRUE,15,5,10,76,1531.5333333333333
Reilly,Smith,VGK,7,TRUE,6e3,W,TRUE,60,22,38,67,1200.9333333333334
Tomas,Tatar,"DET, VGK",7,TRUE,6e3,W,TRUE,34,20,14,82,1333.7666666666667
Dmitry,Orlov,WSH,6,TRUE,6500,D,TRUE,31,10,21,82,1896.5666666666666
Brian,Dumoulin,PIT,5,TRUE,4100,D,TRUE,18,5,13,80,1649.4
Richard,Panik,"CHI, ARI",6,TRUE,2800,W,TRUE,35,14,21,72,1094.2
Matthew,Tkachuk,CGY,2,FALSE,925,W,FALSE,49,24,25,68,1173.05
Marcus,Foligno,MIN,7,TRUE,2e3,W,TRUE,23,8,15,77,836.45
Auston,Matthews,TOR,2,FALSE,925,C,FALSE,63,34,29,62,1123.95
Matt,Duchene,"COL, OTT",9,TRUE,6e3,C,TRUE,59,27,32,82,1503.2333333333333
Craig,Smith,NSH,7,TRUE,4250,W,TRUE,51,25,26,79,1215.15
Charlie,McAvoy,BOS,1,FALSE,925,D,FALSE,32,7,25,63,1395.2833333333333
Casey,Cizikas,NYI,7,TRUE,3e3,C,TRUE,17,7,10,64,845.7666666666667
David,Savard,CBJ,7,TRUE,4e3,D,TRUE,16,4,12,81,1569.7833333333333
Cody,Eakin,VGK,7,TRUE,3850,C,TRUE,27,11,16,80,1162.8
Alex,DeBrincat,CHI,1,FALSE,742.5,W,FALSE,52,28,24,82,1213.7666666666667
Michael,Raffl,PHI,5,TRUE,2350,W,TRUE,22,13,9,76,1007.35
Patrik,Laine,WPG,2,FALSE,925,W,FALSE,70,44,26,82,1351.4166666666667
Kevin,Connauton,ARI,5,TRUE,1050,D,TRUE,21,11,10,73,1107.8666666666666
Clayton,Keller,ARI,2,FALSE,900,C,FALSE,65,23,42,82,1483.1
Jesse,Puljujarvi,EDM,2,FALSE,925,W,FALSE,20,12,8,65,868.9
Zdeno,Chara,BOS,20,TRUE,4e3,D,TRUE,24,7,17,73,1671.95
Justin,Faulk,CAR,7,TRUE,5500,D,TRUE,31,8,23,76,1692.35
Tyson,Jost,COL,2,FALSE,900,C,FALSE,22,12,10,65,951.2
Ben,Chiarot,WPG,5,TRUE,1200,D,TRUE,14,2,12,57,870.7333333333333
Markus,Granlund,VAN,5,TRUE,950,C,FALSE,12,8,4,53,861.5666666666667
Erik,Haula,VGK,5,TRUE,2750,W,TRUE,55,29,26,76,1320.4
Evgeni,Malkin,PIT,12,TRUE,9500,C,TRUE,98,42,56,78,1481.2166666666667
MacKenzie,Weegar,FLA,2,FALSE,675,D,FALSE,8,2,6,60,874.3333333333334
Samuel,Girard,"NSH, COL",1,FALSE,742.5,D,FALSE,23,4,19,73,1288.3166666666666
Pierre-Luc,Dubois,CBJ,1,FALSE,925,C,FALSE,48,20,28,82,1364.0333333333333
Will,Butcher,NJD,1,FALSE,925,D,FALSE,44,5,39,81,1301.2
Alex,Ovechkin,WSH,13,TRUE,1e4,W,TRUE,87,49,38,82,1651.8333333333333
Jesper,Bratt,NJD,1,FALSE,732.5,W,FALSE,35,13,22,74,1128.6
Andrew,Ladd,NYI,13,TRUE,7500,W,TRUE,29,12,17,73,1160.2
Blake,Wheeler,WPG,10,TRUE,5800,W,TRUE,91,23,68,81,1640.7833333333333
Drew,Stafford,NJD,12,TRUE,800,W,TRUE,15,8,7,59,817.7
Nick,Jensen,DET,2,FALSE,800,D,TRUE,15,0,15,81,1316.7
Vladimir,Tarasenko,STL,6,TRUE,7e3,W,TRUE,66,33,33,80,1524.5666666666666
Travis,Zajac,NJD,12,TRUE,6500,C,TRUE,26,12,14,63,1128.2
Mike,Green,DET,13,TRUE,6e3,D,TRUE,33,8,25,66,1457.4166666666667
Jake,DeBrusk,BOS,1,FALSE,925,W,FALSE,43,16,27,70,1005.9833333333333
Troy,Stecher,VAN,2,FALSE,925,D,FALSE,11,1,10,68,1279.1833333333334
Pavel,Buchnevich,NYR,2,FALSE,925,W,FALSE,43,14,29,74,1111.05
Blake,Comeau,COL,12,TRUE,2400,W,TRUE,34,13,21,79,1253.9166666666667
Mattias,Janmark,DAL,2,FALSE,700,C,FALSE,34,19,15,81,1371.0166666666667
Nikita,Zaitsev,TOR,2,FALSE,4500,D,TRUE,13,5,8,60,1333.05
Brandon,Manning,PHI,6,TRUE,1e3,D,TRUE,19,7,12,65,1166.8833333333334
Oliver,Bjorkstrand,CBJ,3,FALSE,700,W,FALSE,40,11,29,82,1171.9666666666667
Drake,Caggiula,EDM,2,FALSE,925,W,FALSE,20,13,7,67,907.8666666666667
Alex,Goligoski,ARI,11,TRUE,6100,D,TRUE,35,12,23,78,1815.6333333333334
David,Krejci,BOS,12,TRUE,7500,C,TRUE,44,17,27,64,1080.05
Miles,Wood,NJD,3,FALSE,925,W,FALSE,32,19,13,76,946.8833333333333
Andrew,Copp,WPG,4,TRUE,900,C,FALSE,28,9,19,82,1126.15
Michal,Kempny,"CHI, WSH",2,FALSE,900,D,TRUE,10,3,7,53,843.3833333333333
Ryan,Strome,EDM,5,TRUE,3e3,C,FALSE,34,13,21,82,1248.05
Alexei,Emelin,NSH,7,TRUE,4400,D,TRUE,9,1,8,76,1282.9833333333333
Alexander,Edler,VAN,12,TRUE,6e3,D,TRUE,34,6,28,70,1699.4166666666667
Ryan,Hartman,"CHI, NSH",4,TRUE,832.5,W,FALSE,31,11,20,78,1018.85
J.T.,Compher,COL,2,FALSE,925,W,FALSE,23,13,10,69,1103.9833333333333
Robert,Hagg,PHI,2,FALSE,832.5,D,FALSE,9,3,6,70,1269.7166666666667
Artturi,Lehkonen,MTL,2,FALSE,925,W,FALSE,21,12,9,66,1088.1333333333334
Marc,Staal,NYR,11,TRUE,6e3,D,TRUE,8,1,7,72,1334.3166666666666
Ryan,Callahan,TBL,12,TRUE,6500,W,TRUE,18,5,13,67,892.5166666666667
Brett,Pesce,CAR,3,FALSE,892.5,D,TRUE,19,3,16,65,1358.7666666666667
Nathan,MacKinnon,COL,5,TRUE,5750,C,TRUE,97,39,58,74,1472.9833333333333
Aleksander,Barkov,FLA,5,TRUE,5250,C,TRUE,78,27,51,79,1743.5333333333333
Jonathan,Drouin,MTL,4,TRUE,6500,C,TRUE,46,13,33,77,1355.15
Seth,Jones,CBJ,5,TRUE,5400,D,TRUE,57,16,41,78,1918.95
Elias,Lindholm,CAR,5,TRUE,2900,C,FALSE,44,16,28,81,1449.3166666666666
Sean,Monahan,CGY,5,TRUE,6500,C,TRUE,64,31,33,74,1382.4666666666667
Darnell,Nurse,EDM,4,TRUE,832.5,D,FALSE,26,6,20,82,1824.4833333333333
Rasmus,Ristolainen,BUF,5,TRUE,5400,D,TRUE,41,6,35,73,1934.45
Bo,Horvat,VAN,4,TRUE,6500,C,TRUE,44,22,22,64,1238.3833333333334
Max,Domi,ARI,3,FALSE,832.5,W,FALSE,45,9,36,82,1369.9
Josh,Morrissey,WPG,3,FALSE,832.5,D,FALSE,26,7,19,81,1656.7166666666667
Alexander,Wennberg,CBJ,4,TRUE,3500,C,TRUE,35,8,27,66,1196.6666666666667
Ryan,Pulock,NYI,3,FALSE,832.5,D,FALSE,32,10,22,68,1251.6
Nikita,Zadorov,COL,5,TRUE,2100,D,FALSE,20,7,13,77,1498.8166666666666
Radko,Gudas,PHI,6,TRUE,3500,D,TRUE,16,2,14,70,1197.1
Anthony,Mantha,DET,3,FALSE,832.5,W,FALSE,48,24,24,80,1383.5
Brad,Marchand,BOS,9,TRUE,8e3,W,TRUE,85,34,51,68,1340.6833333333334
Nick,Foligno,CBJ,11,TRUE,5500,W,TRUE,33,15,18,72,1321.2166666666667
Taylor,Hall,NJD,8,TRUE,6e3,W,TRUE,93,39,54,76,1454.7666666666667
Erik,Johnson,COL,10,TRUE,6e3,D,TRUE,25,9,16,62,1577.05
Kyle,Okposo,BUF,11,TRUE,8e3,W,TRUE,44,15,29,76,1294.0666666666666
Trevor,Lewis,LAK,10,TRUE,2e3,C,TRUE,26,14,12,68,1035.95
Josh,Anderson,CBJ,4,TRUE,1600,W,FALSE,30,19,11,63,1136.3833333333334
Andrew,Cogliano,ANA,11,TRUE,3300,W,TRUE,35,12,23,80,1215.9333333333334
Leo,Komarov,TOR,5,TRUE,2950,C,TRUE,19,7,12,74,1168.2333333333333
Jamie,McGinn,FLA,10,TRUE,3500,W,TRUE,29,13,16,76,1022.5166666666667
Brenden,Dillon,SJS,7,TRUE,3400,D,TRUE,22,5,17,81,1402.9
Milan,Lucic,EDM,11,TRUE,8e3,W,TRUE,34,10,24,82,1308.7666666666667
Troy,Brouwer,CGY,12,TRUE,4500,W,TRUE,22,6,16,76,1058.7833333333333
Mikael,Granlund,MIN,6,TRUE,5250,W,TRUE,67,21,46,77,1446.1833333333334
Bryan,Little,WPG,11,TRUE,5e3,C,TRUE,43,16,27,82,1388.5666666666666
Cal,Clutterbuck,NYI,11,TRUE,5e3,W,TRUE,18,8,10,76,971.95
Dmitry,Kulikov,WPG,9,TRUE,4333.333,D,TRUE,11,3,8,62,1058.4666666666667
James,Neal,VGK,10,TRUE,5e3,W,TRUE,44,25,19,71,1219.4333333333334
Claude,Giroux,PHI,11,TRUE,9e3,C,TRUE,102,34,68,82,1669.8
Daniel,Winnik,MIN,11,TRUE,660,W,TRUE,23,6,17,81,1099
Jordan,Staal,CAR,12,TRUE,6e3,C,TRUE,46,19,27,79,1520.8166666666666
Matt,Niskanen,WSH,11,TRUE,5750,D,TRUE,29,7,22,68,1537.2833333333333
Tyler,Seguin,DAL,8,TRUE,6e3,C,TRUE,78,40,38,82,1714.5
Francois,Beauchemin,ANA,14,TRUE,1e3,D,TRUE,17,3,14,67,1159.8833333333334
Michael,Grabner,"NYR, NJD",9,TRUE,1650,W,TRUE,36,27,9,80,1185.4833333333333
Phil,Kessel,PIT,12,TRUE,9e3,W,TRUE,92,34,58,82,1532.25
Jason,Spezza,DAL,15,TRUE,7500,C,TRUE,26,8,18,78,1014.4666666666667
Mikko,Koivu,MIN,13,TRUE,9180,C,TRUE,45,14,31,82,1515.95
Dan,Hamhuis,DAL,14,TRUE,3e3,D,TRUE,24,3,21,80,1615.05
Nicklas,Backstrom,WSH,11,TRUE,7500,C,TRUE,71,21,50,81,1592.5
Michael,Frolik,CGY,10,TRUE,4e3,W,TRUE,25,10,15,70,1184.5833333333333
Artem,Anisimov,CHI,10,TRUE,5e3,C,TRUE,31,20,11,72,1208.7833333333333
Andrew,MacDonald,PHI,10,TRUE,5250,D,TRUE,21,6,15,66,1310.1833333333334
Mikhail,Sergachev,TBL,2,FALSE,925,D,FALSE,40,9,31,79,1213.4666666666667
Michael,Cammalleri,"LAK, EDM",15,TRUE,1e3,W,TRUE,29,7,22,66,908.9333333333333
Jason,Pominville,BUF,14,TRUE,5e3,W,TRUE,34,16,18,82,1222.05
Jonathan,Toews,CHI,11,TRUE,13800,C,TRUE,52,20,32,74,1457.1
Artemi,Panarin,CBJ,3,FALSE,6e3,W,TRUE,82,27,55,81,1630.5833333333333
Kris,Letang,PIT,12,TRUE,7250,D,TRUE,51,9,42,79,2000.9666666666667
Tomas,Plekanec,"MTL, TOR",14,TRUE,5e3,C,TRUE,26,6,20,77,1165.4833333333333
Mathieu,Perreault,WPG,9,TRUE,4500,C,TRUE,39,17,22,70,1012.0833333333334
Alexander,Radulov,DAL,5,TRUE,8e3,W,TRUE,72,27,45,82,1650.4833333333333
Kris,Russell,EDM,11,TRUE,5e3,D,TRUE,21,4,17,78,1487.3333333333333
Patrick,Sharp,CHI,15,TRUE,800,W,TRUE,21,10,11,70,901.85
Christopher,Tanev,VAN,8,TRUE,5e3,D,TRUE,11,2,9,42,830.5833333333334
Mats,Zuccarello,NYR,8,TRUE,4500,W,TRUE,53,16,37,80,1513.9333333333334
Vladislav,Namestnikov,"TBL, NYR",5,TRUE,1975,C,FALSE,48,22,26,81,1384.1
Roman,Polak,TOR,12,TRUE,1100,D,TRUE,12,2,10,54,952.7166666666667
Calle,Jarnkrok,NSH,5,TRUE,1800,C,TRUE,35,16,19,68,1080.2
Jason,Zucker,MIN,7,TRUE,2e3,W,FALSE,64,33,31,82,1390.8
Tyler,Toffoli,LAK,6,TRUE,4400,C,TRUE,47,24,23,82,1321.7333333333333
Ryan,Spooner,"BOS, NYR",6,TRUE,2825,C,FALSE,41,13,28,59,902.2166666666667
Johan,Larsson,BUF,6,TRUE,1400,C,FALSE,17,4,13,80,1129.1833333333334
Stephen,Johns,DAL,3,FALSE,800,D,FALSE,15,8,7,75,1315.85
Jordan,Weal,PHI,3,FALSE,1750,C,TRUE,21,8,13,69,893.55
Markus,Nutivaara,CBJ,2,FALSE,842.5,D,TRUE,23,7,16,61,977.7333333333333
Kevin,Bieksa,ANA,13,TRUE,4e3,D,TRUE,8,0,8,59,1063.1
Evgeny,Kuznetsov,WSH,5,TRUE,1e4,C,TRUE,83,27,56,79,1486.1333333333334
Charlie,Coyle,MIN,6,TRUE,3500,C,TRUE,37,11,26,66,1091.1833333333334
Patrik,Nemeth,COL,5,TRUE,945,D,FALSE,15,3,12,68,1350.2333333333333
Tyler,Pitlick,DAL,4,TRUE,1e3,C,TRUE,27,14,13,80,1094.3666666666666
Brock,Nelson,NYI,5,TRUE,3500,C,FALSE,35,19,16,82,1207.7333333333333
Alexander,Petrovic,FLA,6,TRUE,1850,D,FALSE,13,2,11,67,982
Devante,Smith-Pelly,WSH,7,TRUE,650,W,FALSE,16,7,9,75,926.1666666666666
Nick,Bjugstad,FLA,6,TRUE,3850,C,TRUE,48,19,29,82,1239.8166666666666
Derek,Forbort,LAK,3,FALSE,650,D,TRUE,18,1,17,78,1621.4666666666667
Kevin,Hayes,NYR,4,TRUE,2600,C,FALSE,44,25,19,76,1318.85
Cam,Fowler,ANA,8,TRUE,4e3,D,TRUE,32,8,24,67,1665.1833333333334
Paul,Stastny,"STL, WPG",12,TRUE,7500,C,TRUE,53,16,37,82,1500.9833333333333
Austin,Watson,NSH,4,TRUE,1e3,W,TRUE,19,14,5,76,937.2
Jaden,Schwartz,STL,7,TRUE,5500,W,TRUE,59,24,35,62,1202.35
Sidney,Crosby,PIT,13,TRUE,10900,C,TRUE,89,29,60,82,1696.5166666666667
Riley,Sheahan,"DET, PIT",7,TRUE,2075,C,FALSE,32,11,21,81,1188.1833333333334
Jack,Johnson,CBJ,12,TRUE,5e3,D,TRUE,11,3,8,77,1505.0666666666666
Benoit,Pouliot,BUF,12,TRUE,1150,W,TRUE,19,13,6,74,1012.5166666666667
Chris,Wagner,"ANA, NYI",4,TRUE,650,C,TRUE,16,7,9,79,1048.9666666666667
Anze,Kopitar,LAK,12,TRUE,13e3,C,TRUE,92,35,57,82,1810.9666666666667
Jeff,Skinner,CAR,8,TRUE,6e3,W,TRUE,49,24,25,82,1370.05
Zach,Hyman,TOR,3,FALSE,2e3,C,TRUE,40,15,25,82,1423.3333333333333
Deryk,Engelland,VGK,9,TRUE,1e3,D,TRUE,23,5,18,79,1602.1333333333334
Erik,Gudbranson,VAN,7,TRUE,3500,D,TRUE,5,2,3,52,957.8833333333333
Conor,Sheary,PIT,3,FALSE,3e3,W,TRUE,30,18,12,79,1101.8333333333333
Brett,Connolly,WSH,7,TRUE,1500,W,TRUE,27,15,12,70,840.2
Ryan,Johansen,NSH,7,TRUE,8e3,C,TRUE,54,15,39,79,1465.35
T.J.,Oshie,WSH,10,TRUE,8e3,W,TRUE,47,18,29,74,1362.45
Mark,Pysyk,FLA,6,TRUE,1950,D,TRUE,16,3,13,82,1538.4166666666667
Trevor,van Riemsdyk,CAR,4,TRUE,900,D,FALSE,16,3,13,79,1346.9666666666667
Nino,Niederreiter,MIN,7,TRUE,4600,W,TRUE,32,18,14,63,945.0833333333334
Christian,Folin,LAK,5,TRUE,850,D,TRUE,13,3,10,65,1017.7166666666667
Jordan,Oesterle,CHI,4,TRUE,650,D,TRUE,15,5,10,55,1128.35
Marc-Edouard,Vlasic,SJS,12,TRUE,4250,D,TRUE,32,11,21,81,1826.4333333333334
Johnny,Oduya,"OTT, PHI",12,TRUE,1e3,D,TRUE,8,4,4,52,889.7166666666667
Bryan,Rust,PIT,4,TRUE,660,W,FALSE,38,13,25,69,1107.3833333333334
Justin,Abdelkader,DET,11,TRUE,5e3,W,TRUE,35,13,22,75,1241.3166666666666
Joonas,Donskoi,SJS,3,FALSE,1900,W,TRUE,32,14,18,66,988.2166666666667
Brendan,Gallagher,MTL,6,TRUE,2750,W,TRUE,54,31,23,82,1324.9
Keith,Yandle,FLA,12,TRUE,7500,D,TRUE,56,8,48,82,2008.1
Valtteri,Filppula,PHI,13,TRUE,5e3,C,TRUE,33,11,22,81,1334.6166666666666
Vladimir,Sobotka,STL,9,TRUE,4e3,W,TRUE,31,11,20,81,1387.0666666666666
Robert,Bortuzzo,STL,7,TRUE,1150,D,TRUE,13,4,9,72,1065.7833333333333
Jesper,Fast,NYR,5,TRUE,1750,W,TRUE,33,13,20,71,1056.6
Oliver,Ekman-Larsson,ARI,8,TRUE,6500,D,TRUE,42,14,28,82,1941.9166666666667
Tom,Pyatt,OTT,7,TRUE,1e3,W,TRUE,22,7,15,81,1138.3666666666666
Niklas,Hjalmarsson,ARI,11,TRUE,4e3,D,TRUE,9,1,8,48,993.5
Brandon,Davidson,"MTL, EDM, NYI",4,TRUE,1550,D,FALSE,7,4,3,51,857.7333333333333
Melker,Karlsson,SJS,4,TRUE,2e3,C,TRUE,19,8,11,71,940.65
Pierre-Edouard,Bellemare,VGK,4,TRUE,1450,W,TRUE,16,6,10,72,887.5666666666667
Aaron,Ekblad,FLA,4,TRUE,9e3,D,TRUE,38,16,22,82,1917.9
Sam,Reinhart,BUF,4,TRUE,832.5,C,FALSE,50,25,25,82,1402.3166666666666
Leon,Draisaitl,EDM,4,TRUE,9e3,C,TRUE,70,25,45,78,1506.9833333333333
Sam,Bennett,CGY,4,TRUE,1950,C,FALSE,26,11,15,82,1180.8333333333333
Jake,Virtanen,VAN,3,FALSE,832.5,W,FALSE,20,10,10,75,898.9833333333333
Haydn,Fleury,CAR,1,FALSE,832.5,D,FALSE,8,0,8,67,1125.2666666666667
William,Nylander,TOR,3,FALSE,832.5,C,FALSE,61,20,41,82,1368.45
Nikolaj,Ehlers,WPG,3,FALSE,832.5,W,TRUE,60,29,31,82,1318.6
Nick,Ritchie,ANA,3,FALSE,832.5,W,FALSE,27,10,17,76,1001.8333333333334
Kevin,Fiala,NSH,4,TRUE,832.5,W,FALSE,48,23,25,80,1211.8166666666666
Brendan,Perlini,ARI,2,FALSE,832.5,W,FALSE,30,17,13,74,1073.8666666666666
Jakub,Vrana,WSH,2,FALSE,832.5,W,FALSE,27,13,14,73,912.4
Dylan,Larkin,DET,3,FALSE,925,C,FALSE,63,16,47,82,1627.1666666666667
Alex,Tuch,VGK,2,FALSE,925,W,FALSE,37,15,22,78,1189.7
John,Klingberg,DAL,4,TRUE,3500,D,TRUE,67,8,59,82,1974.1166666666666
David,Pastrnak,BOS,4,TRUE,8e3,W,TRUE,80,35,45,82,1473.2
Adrian,Kempe,LAK,2,FALSE,925,W,FALSE,37,16,21,81,1079.8166666666666
Brandon,Montour,ANA,2,FALSE,925,D,FALSE,32,9,23,80,1637.5833333333333
Christian,Dvorak,ARI,2,FALSE,892.5,C,FALSE,37,15,22,78,1281.8166666666666
Mark,Letestu,"EDM, CBJ",9,TRUE,1800,C,TRUE,23,9,14,80,1027.85
Anton,Stralman,TBL,11,TRUE,4500,D,TRUE,18,4,14,80,1718.95
Antoine,Roussel,DAL,6,TRUE,2400,W,TRUE,17,5,12,73,907.5166666666667
Ben,Lovejoy,NJD,10,TRUE,2750,D,TRUE,8,2,6,57,945.6333333333333
Patric,Hornqvist,PIT,10,TRUE,4750,W,TRUE,49,29,20,70,1212.6
Viktor,Arvidsson,NSH,4,TRUE,4250,W,TRUE,61,29,32,78,1384.3666666666666
Danton,Heinen,BOS,2,FALSE,925,C,FALSE,47,16,31,77,1156.7
Nolan,Patrick,PHI,1,FALSE,925,C,FALSE,30,13,17,73,1001.9166666666666
Tyson,Barrie,COL,7,TRUE,5250,D,TRUE,57,14,43,68,1543.4
Alex,Iafallo,LAK,1,FALSE,925,C,FALSE,25,9,16,75,1132.7666666666667
Alex,Killorn,TBL,6,TRUE,4450,W,TRUE,47,15,32,82,1352.8333333333333
Karl,Alzner,MTL,10,TRUE,6e3,D,TRUE,12,1,11,82,1646.6
Jamie,Benn,DAL,9,TRUE,13e3,W,TRUE,79,36,43,82,1625.4833333333333
Dan,Girardi,TBL,12,TRUE,3250,D,TRUE,18,6,12,77,1338.6666666666667
Nick,Bonino,NSH,9,TRUE,4100,C,TRUE,25,12,13,71,1110.1333333333334
Ian,Cole,"PIT, CBJ",8,TRUE,2500,D,TRUE,20,5,15,67,1190.95
Justin,Braun,SJS,8,TRUE,3800,D,TRUE,33,5,28,81,1727.6
Jan,Rutta,CHI,1,FALSE,925,D,TRUE,20,6,14,57,1097.5
Darren,Helm,DET,11,TRUE,4500,W,TRUE,31,13,18,75,1167.4666666666667
Kevin,Shattenkirk,NYR,8,TRUE,8e3,D,TRUE,23,5,18,46,932.5166666666667
Shea,Theodore,VGK,3,FALSE,832.5,D,FALSE,29,6,23,61,1241.4833333333333
Patrick,Maroon,"EDM, NJD",7,TRUE,2100,W,TRUE,43,17,26,74,1223.6666666666667
Ondrej,Kase,ANA,2,FALSE,720,W,FALSE,38,20,18,66,918.8833333333333
James,van Riemsdyk,TOR,9,TRUE,5e3,W,TRUE,54,36,18,81,1206.4166666666667
Paul,Byron,MTL,8,TRUE,1200,W,TRUE,35,20,15,82,1322.2833333333333
Sam,Gagner,VAN,11,TRUE,2750,C,TRUE,31,10,21,74,1118.2166666666667
Logan,Couture,SJS,9,TRUE,6e3,C,TRUE,61,34,27,78,1446.7
P.K.,Subban,NSH,9,TRUE,11e3,D,TRUE,59,16,43,82,1977.4
Chris,Tierney,SJS,4,TRUE,735,C,FALSE,40,17,23,82,1311.9833333333333
Riley,Nash,BOS,7,TRUE,900,C,TRUE,41,15,26,76,1171.1
Thomas,Hickey,NYI,6,TRUE,3100,D,TRUE,25,5,20,69,1247.0333333333333
Jeff,Petry,MTL,8,TRUE,6e3,D,TRUE,42,12,30,82,1926.5833333333333
Kyle,Turris,"OTT, NSH",10,TRUE,4e3,C,TRUE,51,16,35,76,1262.6833333333334
Brandon,Sutter,VAN,10,TRUE,4250,C,TRUE,26,11,15,61,1056.25
Mattias,Ekholm,NSH,7,TRUE,3500,D,TRUE,34,10,24,81,1909.7666666666667
Colton,Sceviour,FLA,7,TRUE,950,C,TRUE,24,11,13,76,1021.4
David,Perron,VGK,11,TRUE,3750,W,TRUE,66,16,50,70,1246.5833333333333
Nick,Schmaltz,CHI,2,FALSE,925,C,FALSE,52,21,31,78,1422.0333333333333
Sami,Vatanen,"ANA, NJD",6,TRUE,5e3,D,TRUE,32,4,28,72,1612.8833333333334
Carl,Gunnarsson,STL,9,TRUE,2900,D,TRUE,9,5,4,63,1018.45
Rick,Nash,"NYR, BOS",15,TRUE,8200,W,TRUE,34,21,13,71,1210.9
Patrick,Kane,CHI,11,TRUE,13800,W,TRUE,76,27,49,82,1655.3
Kevan,Miller,BOS,5,TRUE,2500,D,TRUE,16,1,15,68,1323.2
Derek,MacKenzie,FLA,15,TRUE,1650,C,TRUE,14,3,11,75,848.1
Evgenii,Dadonov,FLA,4,TRUE,4650,W,TRUE,65,28,37,74,1383.7166666666667
Mikael,Backlund,CGY,10,TRUE,3575,C,TRUE,45,14,31,82,1559.8833333333334
Ryan,McDonagh,"NYR, TBL",8,TRUE,5100,D,TRUE,29,4,25,63,1469.65
Max,Pacioretty,MTL,10,TRUE,5e3,W,TRUE,37,17,20,64,1216.7833333333333
Brian,Gibbons,NJD,3,FALSE,650,W,TRUE,26,12,14,59,851.4
Jakub,Voracek,PHI,10,TRUE,1e4,W,TRUE,85,20,65,82,1595.4833333333333
Jake,Muzzin,LAK,7,TRUE,4100,D,TRUE,42,8,34,74,1602.1833333333334
Alec,Martinez,LAK,9,TRUE,4e3,D,TRUE,25,9,16,77,1760.4166666666667
Mark,Stone,OTT,6,TRUE,4500,W,FALSE,62,20,42,58,1199.0333333333333
Carl,Hagelin,PIT,7,TRUE,3667,W,TRUE,31,10,21,81,1291.3
Lars,Eller,WSH,9,TRUE,4750,C,TRUE,38,18,20,81,1239.35
Wayne,Simmonds,PHI,10,TRUE,4750,W,TRUE,46,24,22,75,1356.5666666666666
Trevor,Daley,DET,14,TRUE,4e3,D,TRUE,16,9,7,77,1593.6
Nick,Holden,"NYR, BOS",7,TRUE,1800,D,TRUE,17,4,13,73,1387.45
Nazem,Kadri,TOR,9,TRUE,5e3,C,TRUE,55,32,23,80,1340.75
Victor,Hedman,TBL,9,TRUE,8e3,D,TRUE,63,17,46,77,1990.5
Jason,Demers,ARI,9,TRUE,5400,D,TRUE,20,6,14,69,1458.3833333333334
Henrik,Zetterberg,DET,15,TRUE,7e3,C,TRUE,56,11,45,82,1598.7333333333333
Patrik,Berglund,STL,10,TRUE,4700,C,TRUE,26,17,9,57,920.8833333333333
Frans,Nielsen,DET,12,TRUE,6e3,C,TRUE,33,16,17,79,1250.3833333333334
Ondrej,Palat,TBL,6,TRUE,5600,W,TRUE,35,11,24,56,951.7833333333333
Scott,Wilson,"PIT, DET, BUF",4,TRUE,660,C,FALSE,14,6,8,69,842.2666666666667
Zack,Smith,OTT,10,TRUE,3250,W,TRUE,19,5,14,68,1136.95
Josh,Manson,ANA,4,TRUE,825,D,TRUE,37,7,30,80,1628.2833333333333
Jakob,Chychrun,ARI,2,FALSE,925,D,FALSE,14,4,10,50,1012.5
Dylan,DeMelo,SJS,3,FALSE,700,D,FALSE,20,0,20,63,894.9666666666667
Derick,Brassard,"OTT, PIT",11,TRUE,3500,C,TRUE,46,21,25,72,1276.75
Jay,Beagle,WSH,10,TRUE,1750,C,TRUE,22,7,15,79,983.25
Johnny,Gaudreau,CGY,5,TRUE,6750,W,TRUE,84,24,60,80,1553.9
Noah,Hanifin,CAR,3,FALSE,925,D,FALSE,32,10,22,79,1489.95
Kyle,Connor,WPG,2,FALSE,925,W,FALSE,57,31,26,76,1284.9333333333334
Pavel,Zacha,NJD,3,FALSE,925,C,FALSE,25,8,17,69,991.6166666666667
Connor,McDavid,EDM,3,FALSE,925,C,TRUE,108,41,67,82,1767.2333333333333
Jack,Eichel,BUF,3,FALSE,925,C,TRUE,64,25,39,67,1349.6
Tobias,Rieder,"ARI, LAK",4,TRUE,2450,C,FALSE,25,12,13,78,1142.8833333333334
Vince,Dunn,STL,1,FALSE,742.5,D,FALSE,24,5,19,75,1292.3166666666666
Timo,Meier,SJS,2,FALSE,925,W,FALSE,36,21,15,81,1204.2833333333333
Fredrik,Claesson,OTT,3,FALSE,650,D,FALSE,7,1,6,64,982
Sean,Kuraly,BOS,2,FALSE,925,C,FALSE,14,6,8,75,918.6666666666666
Joe,Thornton,SJS,20,TRUE,8e3,C,TRUE,36,13,23,47,862.2166666666667
Sebastian,Aho,CAR,2,FALSE,925,W,FALSE,65,29,36,78,1397.6166666666666
Andrew,Shaw,MTL,7,TRUE,5e3,W,TRUE,20,10,10,51,806.2833333333333
Christian,Fischer,ARI,2,FALSE,817.5,W,FALSE,33,15,18,79,1098.4833333333333
Vincent,Trocheck,FLA,5,TRUE,4500,C,TRUE,75,31,44,82,1751.8666666666666
Travis,Konecny,PHI,2,FALSE,925,C,FALSE,47,24,23,81,1207.4833333333333
Nick,Cousins,ARI,4,TRUE,950,C,FALSE,19,12,7,71,913.25
Brandon,Carlo,BOS,2,FALSE,817.5,D,FALSE,6,0,6,76,1462.0166666666667
Brock,Boeser,VAN,2,FALSE,925,W,FALSE,55,29,26,62,1084.5333333333333
Mathew,Barzal,NYI,2,FALSE,925,C,FALSE,85,22,63,82,1456.7833333333333
Nick,Shore,"LAK, OTT, CGY",4,TRUE,925,C,FALSE,19,5,14,64,906.7833333333333
Zach,Werenski,CBJ,2,FALSE,925,D,FALSE,37,16,21,77,1738.35
Ryan,Dzingel,OTT,3,FALSE,1500,W,TRUE,41,23,18,79,1303.1
Jean-Gabriel,Pageau,OTT,6,TRUE,2600,C,TRUE,29,14,15,78,1305.6333333333334
Thomas,Chabot,OTT,2,FALSE,925,D,FALSE,25,9,16,63,1103.1833333333334
Mike,Reilly,"MIN, MTL",3,FALSE,675,D,FALSE,18,2,16,57,852.8666666666667
Duncan,Keith,CHI,13,TRUE,5e3,D,TRUE,32,2,30,82,1953.8166666666666
Scott,Mayfield,NYI,4,TRUE,675,D,TRUE,12,2,10,47,838.7
Boone,Jenner,CBJ,5,TRUE,2900,C,FALSE,32,13,19,75,1234.6
Mitchell,Marner,TOR,2,FALSE,925,C,FALSE,69,22,47,82,1343.8166666666666
Dmitrij,Jaskin,STL,6,TRUE,1e3,W,FALSE,17,6,11,76,946.0833333333334
Victor,Rask,CAR,4,TRUE,4e3,C,TRUE,31,14,17,71,1092.05
Brandon,Saad,CHI,7,TRUE,6250,W,TRUE,35,18,17,82,1435.3333333333333
Joel,Edmundson,STL,3,FALSE,1200,D,FALSE,17,7,10,69,1431.0833333333333
Matt,Nieto,COL,5,TRUE,1e3,W,FALSE,26,15,11,74,1103.2666666666667
Joel,Eriksson Ek,MIN,2,FALSE,925,C,FALSE,16,6,10,75,958.3833333333333
William,Karlsson,VGK,4,TRUE,1e3,C,FALSE,78,43,35,82,1534.7833333333333
Ivan,Provorov,PHI,2,FALSE,925,D,FALSE,41,17,24,82,1980.5333333333333
Nikita,Kucherov,TBL,5,TRUE,4500,W,FALSE,100,39,61,80,1585.7166666666667
Ryan,Nugent-Hopkins,EDM,7,TRUE,6e3,C,TRUE,48,24,24,62,1121.5833333333333
Gabriel,Landeskog,COL,7,TRUE,6e3,W,TRUE,62,25,37,78,1571.1666666666667
Jonathan,Huberdeau,FLA,6,TRUE,6200,W,TRUE,69,27,42,82,1574.9166666666667
Adam,Larsson,EDM,7,TRUE,4500,D,TRUE,13,4,9,63,1381.7333333333333
Mika,Zibanejad,NYR,7,TRUE,6e3,C,TRUE,47,27,20,72,1293.4833333333333
Mark,Scheifele,WPG,7,TRUE,6750,C,TRUE,60,23,37,60,1240.7
Sean,Couturier,PHI,7,TRUE,4e3,C,TRUE,76,31,45,82,1770.5166666666667
Dougie,Hamilton,CGY,6,TRUE,5750,D,TRUE,44,17,27,82,1765.5333333333333
Jonas,Brodin,MIN,6,TRUE,4500,D,TRUE,21,6,15,73,1577.1166666666666
Sven,Baertschi,VAN,7,TRUE,2e3,W,FALSE,29,14,15,53,827.1
Jamie,Oleksiak,"DAL, PIT",6,TRUE,964.688,D,FALSE,17,5,12,68,1132.9166666666667
J.T.,Miller,"NYR, TBL",6,TRUE,2750,C,FALSE,58,23,35,82,1395.6666666666667
Joel,Armia,WPG,4,TRUE,975,W,FALSE,29,12,17,79,995.5166666666667
Nathan,Beaulieu,BUF,6,TRUE,2300,D,FALSE,9,1,8,59,940.8833333333333
Oscar,Klefbom,EDM,5,TRUE,3500,D,TRUE,21,5,16,66,1507.9166666666667
Connor,Murphy,CHI,5,TRUE,4600,D,TRUE,14,2,12,76,1244.3833333333334
Stefan,Noesen,NJD,4,TRUE,660,W,FALSE,27,13,14,72,956.6333333333333
Joe,Morrow,"MTL, WPG",4,TRUE,650,D,FALSE,16,6,10,56,937.05
Andy,Greene,NJD,12,TRUE,5e3,D,TRUE,13,3,10,81,1711.0333333333333
Phillip,Danault,MTL,4,TRUE,950,C,FALSE,25,8,17,52,862.5666666666667
Rickard,Rakell,ANA,6,TRUE,3800,C,TRUE,69,34,35,77,1495.0833333333333
Alexandre,Burrows,OTT,13,TRUE,2500,W,TRUE,14,6,8,71,829.9666666666667
Brayden,Point,TBL,2,FALSE,742.5,C,FALSE,66,32,34,82,1608.8166666666666
Nico,Hischier,NJD,1,FALSE,925,C,FALSE,52,20,32,82,1337.3666666666666
Colin,Miller,VGK,3,FALSE,1100,D,FALSE,41,10,31,82,1586.1833333333334
Derek,Ryan,CAR,3,FALSE,1425,C,TRUE,38,15,23,80,1248.4833333333333
Jonathan,Marchessault,VGK,5,TRUE,750,C,TRUE,75,27,48,77,1347.85
Nate,Schmidt,VGK,5,TRUE,2150,D,TRUE,36,5,31,76,1690.3166666666666
Tyler,Johnson,TBL,6,TRUE,5e3,C,TRUE,50,21,29,81,1376.3333333333333
Drew,Doughty,LAK,10,TRUE,7600,D,TRUE,60,10,50,82,2200.516666666667
Steven,Stamkos,TBL,10,TRUE,9500,C,TRUE,86,27,59,78,1464.4
Alex,Pietrangelo,STL,10,TRUE,7e3,D,TRUE,54,15,39,78,2007.45
Luke,Schenn,ARI,10,TRUE,1500,D,TRUE,7,1,6,64,1048.6
Mikkel,Boedker,SJS,10,TRUE,4800,W,TRUE,37,15,22,74,988.4
Josh,Bailey,NYI,10,TRUE,4e3,W,TRUE,71,18,53,76,1359.1833333333334
Tyler,Myers,WPG,9,TRUE,3500,D,TRUE,36,6,30,82,1756.95
Erik,Karlsson,OTT,9,TRUE,7e3,D,TRUE,62,9,53,71,1898.5666666666666
Mikko,Rantanen,COL,3,FALSE,925,W,FALSE,84,29,55,81,1535.9833333333333
Jake,Gardiner,TOR,7,TRUE,4050,D,TRUE,52,5,47,82,1847.0666666666666
Matt,Benning,EDM,2,FALSE,925,D,FALSE,21,6,15,73,1261.6
Michael,Del Zotto,VAN,9,TRUE,3e3,D,TRUE,22,6,16,82,1705.9333333333334
Jordan,Eberle,NYI,8,TRUE,6e3,C,TRUE,59,25,34,81,1301.5166666666667
Tyler,Ennis,MIN,9,TRUE,3650,W,TRUE,22,8,14,73,874.05
John,Carlson,WSH,9,TRUE,4e3,D,TRUE,68,15,53,82,2032.1
Roman,Josi,NSH,7,TRUE,5e3,D,TRUE,53,14,39,75,1835.2833333333333
Justin,Schultz,PIT,6,TRUE,5500,D,TRUE,27,4,23,63,1229.3166666666666
Travis,Hamonic,CGY,8,TRUE,4875,D,TRUE,11,1,10,74,1531.6666666666667
Derek,Stepan,ARI,8,TRUE,7e3,C,TRUE,56,14,42,82,1579.9166666666667
